{"cameraMode":{"drawMode":0,"name":"Shaded","section":"Shading Mode"},"sceneLighting":false,"audioPlay":false,"sceneViewState":{"m_AlwaysRefresh":false,"showFog":true,"showSkybox":false,"showFlares":true,"showImageEffects":true,"showParticleSystems":true,"showVisualEffectGraphs":true,"m_FxEnabled":true},"in2DMode":false,"pivot":{"x":2.577683448791504,"y":-0.49104130268096926,"z":1.2462232112884522},"rotation":{"x":0.23925836384296418,"y":0.18079151213169099,"z":-0.04539414867758751,"w":0.9528952240943909},"size":2.2360682487487795,"orthographic":false}