{"cameraMode":{"drawMode":0,"name":"Shaded","section":"Shading Mode"},"sceneLighting":false,"audioPlay":false,"sceneViewState":{"m_AlwaysRefresh":false,"showFog":true,"showSkybox":false,"showFlares":true,"showImageEffects":true,"showParticleSystems":true,"showVisualEffectGraphs":true,"m_FxEnabled":true},"in2DMode":false,"pivot":{"x":2.2679648399353029,"y":-0.7442531585693359,"z":1.5018048286437989},"rotation":{"x":0.26465436816215517,"y":-0.06647498160600662,"z":0.018290195614099504,"w":0.9618757367134094},"size":1.947579264640808,"orthographic":false}