{"cameraMode":{"drawMode":0,"name":"Shaded","section":"Shading Mode"},"sceneLighting":false,"audioPlay":false,"sceneViewState":{"m_AlwaysRefresh":false,"showFog":true,"showSkybox":false,"showFlares":true,"showImageEffects":true,"showParticleSystems":true,"showVisualEffectGraphs":true,"m_FxEnabled":true},"in2DMode":false,"pivot":{"x":1.696150541305542,"y":-1.2872848510742188,"z":0.2779576778411865},"rotation":{"x":0.31393179297447207,"y":-0.23451454937458039,"z":0.08033135533332825,"w":0.9165228605270386},"size":2.4606385231018068,"orthographic":false}