{"cameraMode":{"drawMode":0,"name":"Shaded","section":"Shading Mode"},"sceneLighting":false,"audioPlay":false,"sceneViewState":{"m_AlwaysRefresh":false,"showFog":true,"showSkybox":false,"showFlares":true,"showImageEffects":true,"showParticleSystems":true,"showVisualEffectGraphs":true,"m_FxEnabled":true},"in2DMode":false,"pivot":{"x":1.2855618000030518,"y":-1.2073050737380982,"z":-0.32674098014831545},"rotation":{"x":0.07348538190126419,"y":0.9232341647148132,"z":-0.2229958176612854,"w":0.30420395731925967},"size":2.1569623947143556,"orthographic":false}