{"cameraMode":{"drawMode":0,"name":"Shaded","section":"Shading Mode"},"sceneLighting":true,"audioPlay":false,"sceneViewState":{"m_AlwaysRefresh":false,"showFog":true,"showSkybox":true,"showFlares":true,"showImageEffects":true,"showParticleSystems":true,"showVisualEffectGraphs":true,"m_FxEnabled":true},"in2DMode":false,"pivot":{"x":2.078730344772339,"y":-1.5388736724853516,"z":-1.8703575134277344},"rotation":{"x":0.4811752140522003,"y":-0.07477789372205734,"z":0.04124327376484871,"w":0.8724703788757324},"size":5.1762847900390629,"orthographic":false}