{"cameraMode":{"drawMode":0,"name":"Shaded","section":"Shading Mode"},"sceneLighting":true,"audioPlay":false,"sceneViewState":{"m_AlwaysRefresh":false,"showFog":true,"showSkybox":true,"showFlares":true,"showImageEffects":true,"showParticleSystems":true,"showVisualEffectGraphs":true,"m_FxEnabled":true},"in2DMode":false,"pivot":{"x":0.9919452667236328,"y":-36.803794860839847,"z":11.598150253295899},"rotation":{"x":0.58054119348526,"y":-0.014653137885034085,"z":0.010454462841153145,"w":0.8140453100204468},"size":27.386184692382814,"orthographic":false}