{"cameraMode":{"drawMode":0,"name":"Shaded","section":"Shading Mode"},"sceneLighting":false,"audioPlay":false,"sceneViewState":{"m_AlwaysRefresh":false,"showFog":true,"showSkybox":false,"showFlares":true,"showImageEffects":true,"showParticleSystems":true,"showVisualEffectGraphs":true,"m_FxEnabled":true},"in2DMode":false,"pivot":{"x":0.7818881273269653,"y":-1.7772895097732545,"z":-3.612062454223633},"rotation":{"x":0.024253973737359048,"y":0.9711751937866211,"z":-0.20852293074131013,"w":0.11296379566192627},"size":2.7520179748535158,"orthographic":false}